Fold,MAE
Fold_1,4.365853878071719
Fold_2,4.213414677050118
Fold_3,4.577805128275602
Fold_4,4.46878043139019
Fold_5,5.215999684690059
Mean,4.568370759895538
