Fold,MAE
Fold_1,2.947532368302521
Fold_2,2.923712785557472
Fold_3,3.2463359323482797
Fold_4,3.1968269608462827
Fold_5,3.278763516134916
Mean,3.118634312637894
