Fold,MAE
Fold_1,2.848647047001913
Fold_2,3.91550239916821
Fold_3,3.7055263648763432
Fold_4,3.305950314791963
Fold_5,2.6467061633659545
Mean,3.284466457840877
