Fold,MAE
Fold_1,2.9351962824410336
Fold_2,2.845540279933683
Fold_3,3.1830072015056734
Fold_4,3.1735823833798653
Fold_5,3.345898317882791
Mean,3.0966448930286097
