Fold,MAE
Fold_1,2.8401508344030764
Fold_2,3.099014762516047
Fold_3,3.5880969191270844
Fold_4,3.5486745827984567
Fold_5,3.285197368421059
Mean,3.272226893453144
