Fold,MAE
Fold_1,4.215593938988618
Fold_2,4.128818966169816
Fold_3,4.586474415160079
Fold_4,4.357322454765789
Fold_5,5.1672551114006975
Mean,4.491092977296999
