Fold,MAE
Fold_1,2.8251155327342694
Fold_2,3.1448074454428774
Fold_3,3.5402358793324757
Fold_4,3.4249582798459555
Fold_5,3.333319078947375
Mean,3.253687243260591
