Fold,MAE
Fold_1,3.3342731065468545
Fold_2,4.203672336328629
Fold_3,3.504215340179716
Fold_4,2.9648652118100123
Fold_5,2.642236842105261
Mean,3.329852567394094
