Fold,MAE
Fold_1,2.727630171426912
Fold_2,3.4900127075939644
Fold_3,3.491177629610388
Fold_4,3.1224535611780677
Fold_5,2.2121937437057495
Mean,3.0086935627030167
