Fold,MAE
Fold_1,2.183231410515017
Fold_2,2.247601443034846
Fold_3,2.7427550832236682
Fold_4,3.1973021772431163
Fold_5,2.453282171249389
Mean,2.5648344570532076
