Fold,MAE
Fold_1,4.246678057414728
Fold_2,4.143066465796494
Fold_3,4.5926718977021
Fold_4,4.357465824034156
Fold_5,5.174514860153198
Mean,4.502879421020135
