Fold,MAE
Fold_1,2.1149592125125047
Fold_2,2.3743575993979844
Fold_3,2.7567323247397812
Fold_4,3.134722160711521
Fold_5,2.3697374210357665
Mean,2.5501017436795115
